,Unnamed: 0.1,Unnamed: 0,Currency,Name,Units per EUR,EUR per unit,Date,Rate,Change
0,20.0,20.0,IDR,Indonesian Rupiah,16227.87597652554,6.16223590472e-05,2022-01-01,,
1,203.0,20.0,IDR,Indonesian Rupiah,16228.939208582273,6.16183218845e-05,2022-01-02,,
2,386.0,20.0,IDR,Indonesian Rupiah,16116.086797366694,6.20498023231e-05,2022-01-03,,
3,569.0,20.0,IDR,Indonesian Rupiah,16172.326153645492,6.18340237823e-05,2022-01-04,,
4,752.0,20.0,IDR,Indonesian Rupiah,16284.899445311215,6.14065811924e-05,2022-01-05,,
5,935.0,20.0,IDR,Indonesian Rupiah,16269.896866325382,6.14632046051e-05,2022-01-06,,
6,1118.0,20.0,IDR,Indonesian Rupiah,16296.866595098974,6.1361488981e-05,2022-01-07,,
7,1301.0,20.0,IDR,Indonesian Rupiah,16303.607338794114,6.13361190084e-05,2022-01-08,,
8,1484.0,20.0,IDR,Indonesian Rupiah,16314.133694587132,6.12965431521e-05,2022-01-09,,
9,1667.0,20.0,IDR,Indonesian Rupiah,16201.73696343873,6.17217772549e-05,2022-01-10,,
10,1850.0,20.0,IDR,Indonesian Rupiah,16250.58103264886,6.15362612568e-05,2022-01-11,,
11,2033.0,20.0,IDR,Indonesian Rupiah,16360.79588927641,6.11217208971e-05,2022-01-12,,
12,2216.0,20.0,IDR,Indonesian Rupiah,16391.795667448772,6.10061289371e-05,2022-01-13,,
13,2399.0,20.0,IDR,Indonesian Rupiah,16324.554779813256,6.1257413356e-05,2022-01-14,,
14,2582.0,20.0,IDR,Indonesian Rupiah,16333.767171226706,6.12228636246e-05,2022-01-15,,
15,2765.0,20.0,IDR,Indonesian Rupiah,16337.622472969882,6.12084164421e-05,2022-01-16,,
16,2948.0,20.0,IDR,Indonesian Rupiah,16349.179676386868,6.11651483312e-05,2022-01-17,,
17,3131.0,20.0,IDR,Indonesian Rupiah,16256.461444833154,6.15140018874e-05,2022-01-18,,
18,3314.0,20.0,IDR,Indonesian Rupiah,16296.725790796614,6.13620191464e-05,2022-01-19,,
19,3497.0,20.0,IDR,Indonesian Rupiah,16243.62602640821,6.1562609135e-05,2022-01-20,,
20,3680.0,20.0,IDR,Indonesian Rupiah,16267.287576122151,6.14730633684e-05,2022-01-21,,
21,3864.0,20.0,IDR,Indonesian Rupiah,16275.685753469985,6.14413435567e-05,2022-01-22,,
22,4048.0,20.0,IDR,Indonesian Rupiah,16285.22999248445,6.1405334801e-05,2022-01-23,,
23,4232.0,20.0,IDR,Indonesian Rupiah,16237.415106977838,6.15861572431e-05,2022-01-24,,
24,4416.0,20.0,IDR,Indonesian Rupiah,16192.707524545538,6.1756194786e-05,2022-01-25,,
25,4600.0,20.0,IDR,Indonesian Rupiah,16178.985236049111,6.18085736163e-05,2022-01-26,,
26,4784.0,20.0,IDR,Indonesian Rupiah,16026.959852820715,6.2394865226e-05,2022-01-27,,
27,4968.0,20.0,IDR,Indonesian Rupiah,16057.665510750438,6.22755530267e-05,2022-01-28,,
28,5152.0,20.0,IDR,Indonesian Rupiah,16035.84948408688,6.23602760173e-05,2022-01-29,,
29,5336.0,20.0,IDR,Indonesian Rupiah,16036.216841379117,6.23588474695e-05,2022-01-30,,
30,5520.0,20.0,IDR,Indonesian Rupiah,16107.225227805357,6.20839397138e-05,2022-01-31,,
31,20.0,20.0,IDR,Indonesian Rupiah,16146.760668880244,6.19319268122e-05,2022-02-01,,
32,204.0,20.0,IDR,Indonesian Rupiah,16221.568187853878,6.16463210226e-05,2022-02-02,,
33,388.0,20.0,IDR,Indonesian Rupiah,16428.763345527022,6.08688541534e-05,2022-02-03,,
34,572.0,20.0,IDR,Indonesian Rupiah,16480.020537175344,6.06795360323e-05,2022-02-04,,
35,756.0,20.0,IDR,Indonesian Rupiah,16468.085185379106,6.07235139206e-05,2022-02-05,,
36,940.0,20.0,IDR,Indonesian Rupiah,16469.612734444432,6.07178818423e-05,2022-02-06,,
37,1124.0,20.0,IDR,Indonesian Rupiah,16463.88227744095,6.07390154489e-05,2022-02-07,,
38,1308.0,20.0,IDR,Indonesian Rupiah,16425.239369960753,6.08819133454e-05,2022-02-08,,
39,1492.0,20.0,IDR,Indonesian Rupiah,16409.196586580594,6.0941435781e-05,2022-02-09,,
40,1676.0,20.0,IDR,Indonesian Rupiah,16461.975856017052,6.07460494867e-05,2022-02-10,,
41,1860.0,20.0,IDR,Indonesian Rupiah,16345.88641515994,6.11774714812e-05,2022-02-11,,
42,2044.0,20.0,IDR,Indonesian Rupiah,16281.372413677773,6.14198836923e-05,2022-02-12,,
43,2228.0,20.0,IDR,Indonesian Rupiah,16283.443543120327,6.1412071553e-05,2022-02-13,,
44,2412.0,20.0,IDR,Indonesian Rupiah,16190.264266361855,6.17655143577e-05,2022-02-14,,
45,2596.0,20.0,IDR,Indonesian Rupiah,16225.72418901695,6.16305311461e-05,2022-02-15,,
46,2780.0,20.0,IDR,Indonesian Rupiah,16238.672171526534,6.15813897489e-05,2022-02-16,,
47,2964.0,20.0,IDR,Indonesian Rupiah,16274.488734452903,6.14458626821e-05,2022-02-17,,
48,3148.0,20.0,IDR,Indonesian Rupiah,16249.237790802234,6.15413481465e-05,2022-02-18,,
49,3332.0,20.0,IDR,Indonesian Rupiah,16240.302181311188,6.15752089361e-05,2022-02-19,,
50,3516.0,20.0,IDR,Indonesian Rupiah,16243.703071607286,6.15623171386e-05,2022-02-20,,
51,3700.0,20.0,IDR,Indonesian Rupiah,16263.399129503734,6.14877610785e-05,2022-02-21,,
52,3884.0,20.0,IDR,Indonesian Rupiah,16304.19581337908,6.13339051766e-05,2022-02-22,,
53,4068.0,20.0,IDR,Indonesian Rupiah,16229.998893794258,6.16142987158e-05,2022-02-23,,
54,4252.0,20.0,IDR,Indonesian Rupiah,16064.26552793658,6.22499670626e-05,2022-02-24,,
55,4436.0,20.0,IDR,Indonesian Rupiah,16163.378910261588,6.18682520252e-05,2022-02-25,,
56,4620.0,20.0,IDR,Indonesian Rupiah,16186.135405844703,6.17812698909e-05,2022-02-26,,
57,4804.0,20.0,IDR,Indonesian Rupiah,16194.413118647124,6.17496906293e-05,2022-02-27,,
58,4988.0,20.0,IDR,Indonesian Rupiah,16146.74078233116,6.19320030884e-05,2022-02-28,,
59,20.0,20.0,IDR,Indonesian Rupiah,15996.155937196225,6.25150194788e-05,2022-03-01,,
60,204.0,20.0,IDR,Indonesian Rupiah,15971.501521466253,6.26115208176e-05,2022-03-02,,
61,388.0,20.0,IDR,Indonesian Rupiah,15902.01336075369,6.28851188408e-05,2022-03-03,,
62,572.0,20.0,IDR,Indonesian Rupiah,15699.112704572684,6.36978674411e-05,2022-03-04,,
63,756.0,20.0,IDR,Indonesian Rupiah,15727.065905082078,6.35846512016e-05,2022-03-05,,
64,940.0,20.0,IDR,Indonesian Rupiah,15732.932835980422,6.35609399992e-05,2022-03-06,,
65,1124.0,20.0,IDR,Indonesian Rupiah,15642.229942029828,6.39295038946e-05,2022-03-07,,
66,1308.0,20.0,IDR,Indonesian Rupiah,15657.167799831104,6.38685113926e-05,2022-03-08,,
67,1492.0,20.0,IDR,Indonesian Rupiah,15847.225284708587,6.31025294355e-05,2022-03-09,,
68,1676.0,20.0,IDR,Indonesian Rupiah,15713.934281897577,6.36377868241e-05,2022-03-10,,
69,1860.0,20.0,IDR,Indonesian Rupiah,15649.817798872364,6.38985075003e-05,2022-03-11,,
70,2044.0,20.0,IDR,Indonesian Rupiah,15614.68673301828,6.40422710425e-05,2022-03-12,,
71,2228.0,20.0,IDR,Indonesian Rupiah,15621.84860045416,6.40129107365e-05,2022-03-13,,
72,2412.0,20.0,IDR,Indonesian Rupiah,15731.049723254357,6.35685486723e-05,2022-03-14,,
73,2596.0,20.0,IDR,Indonesian Rupiah,15719.50763480447,6.36152240408e-05,2022-03-15,,
74,2780.0,20.0,IDR,Indonesian Rupiah,15725.67957382703,6.35902566439e-05,2022-03-16,,
75,2964.0,20.0,IDR,Indonesian Rupiah,15887.319426491616,6.29432803077e-05,2022-03-17,,
76,3148.0,20.0,IDR,Indonesian Rupiah,15836.942468856052,6.3143501466e-05,2022-03-18,,
77,3332.0,20.0,IDR,Indonesian Rupiah,15865.049439160322,6.30316346529e-05,2022-03-19,,
78,3516.0,20.0,IDR,Indonesian Rupiah,15863.583124085457,6.30374608421e-05,2022-03-20,,
79,3700.0,20.0,IDR,Indonesian Rupiah,15821.259262224949,6.3206093992e-05,2022-03-21,,
80,3884.0,20.0,IDR,Indonesian Rupiah,15818.432964498905,6.32173870979e-05,2022-03-22,,
81,4068.0,20.0,IDR,Indonesian Rupiah,15806.742120566272,6.32641433872e-05,2022-03-23,,
82,4252.0,20.0,IDR,Indonesian Rupiah,15814.608049499557,6.32326768308e-05,2022-03-24,,
83,4436.0,20.0,IDR,Indonesian Rupiah,15778.163083919724,6.337873393e-05,2022-03-25,,
84,4620.0,20.0,IDR,Indonesian Rupiah,15750.43403293763,6.34903138484e-05,2022-03-26,,
85,4804.0,20.0,IDR,Indonesian Rupiah,15689.87462394298,6.37353722683e-05,2022-03-27,,
86,4988.0,20.0,IDR,Indonesian Rupiah,15762.694534381146,6.3440929964e-05,2022-03-28,,
87,5172.0,20.0,IDR,Indonesian Rupiah,15945.563601696396,6.27133681178e-05,2022-03-29,,
88,5356.0,20.0,IDR,Indonesian Rupiah,16003.494750410007,6.24863516123e-05,2022-03-30,,
89,5540.0,20.0,IDR,Indonesian Rupiah,15930.864023784086,6.27712344105e-05,2022-03-31,,
90,5724.0,20.0,IDR,Indonesian Rupiah,15865.899183095273,6.30282588121e-05,2022-04-01,,
91,5909.0,20.0,IDR,Indonesian Rupiah,15869.115768954876,6.30154833173e-05,2022-04-02,,
92,6094.0,20.0,IDR,Indonesian Rupiah,15866.227069393848,6.30269562906e-05,2022-04-03,,
93,6279.0,20.0,IDR,Indonesian Rupiah,15755.469019523543,6.3470024203e-05,2022-04-04,,
94,6464.0,20.0,IDR,Indonesian Rupiah,15677.363166720816,6.37862368413e-05,2022-04-05,,
95,6649.0,20.0,IDR,Indonesian Rupiah,15689.973381781574,6.37349710969e-05,2022-04-06,,
96,6834.0,20.0,IDR,Indonesian Rupiah,15664.030108582454,6.38405310171e-05,2022-04-07,,
97,7019.0,20.0,IDR,Indonesian Rupiah,15624.855597354655,6.40005914787e-05,2022-04-08,,
98,7204.0,20.0,IDR,Indonesian Rupiah,15617.249408912636,6.40317621763e-05,2022-04-09,,
99,7389.0,20.0,IDR,Indonesian Rupiah,15619.019891215972,6.40245039038e-05,2022-04-10,,
100,7574.0,20.0,IDR,Indonesian Rupiah,15621.263773200588,6.40153072452e-05,2022-04-11,,
101,7759.0,20.0,IDR,Indonesian Rupiah,15589.724021327456,6.41448173573e-05,2022-04-12,,
102,7944.0,20.0,IDR,Indonesian Rupiah,15592.398108207726,6.41338165598e-05,2022-04-13,,
103,8129.0,20.0,IDR,Indonesian Rupiah,15524.003177067943,6.44163743458e-05,2022-04-14,,
104,8314.0,20.0,IDR,Indonesian Rupiah,15520.53489626256,6.44307690864e-05,2022-04-15,,
105,8499.0,20.0,IDR,Indonesian Rupiah,15516.99715177192,6.44454587584e-05,2022-04-16,,
106,8684.0,20.0,IDR,Indonesian Rupiah,15515.740995562806,6.44506762703e-05,2022-04-17,,
107,8869.0,20.0,IDR,Indonesian Rupiah,15482.197270560597,6.45903150905e-05,2022-04-18,,
108,9054.0,20.0,IDR,Indonesian Rupiah,15489.634902874255,6.4559300866e-05,2022-04-19,,
109,9239.0,20.0,IDR,Indonesian Rupiah,15584.822882016168,6.41649897191e-05,2022-04-20,,
110,9424.0,20.0,IDR,Indonesian Rupiah,15560.823580031538,6.42639507386e-05,2022-04-21,,
111,9609.0,20.0,IDR,Indonesian Rupiah,15574.70821908078,6.42066603067e-05,2022-04-22,,
112,9794.0,20.0,IDR,Indonesian Rupiah,15515.662219767531,6.44510034979e-05,2022-04-23,,
113,9979.0,20.0,IDR,Indonesian Rupiah,15553.252203197751,6.42952346515e-05,2022-04-24,,
114,10164.0,20.0,IDR,Indonesian Rupiah,15474.28172849989,6.46233549023e-05,2022-04-25,,
115,10349.0,20.0,IDR,Indonesian Rupiah,15369.330776471596,6.50646416908e-05,2022-04-26,,
116,10534.0,20.0,IDR,Indonesian Rupiah,15229.789740898366,6.56607882979e-05,2022-04-27,,
117,10719.0,20.0,IDR,Indonesian Rupiah,15228.61538754777,6.56658517239e-05,2022-04-28,,
118,10904.0,20.0,IDR,Indonesian Rupiah,15316.6265803818,6.52885277807e-05,2022-04-29,,
119,11089.0,20.0,IDR,Indonesian Rupiah,15273.892797448889,6.54711940997e-05,2022-04-30,,
120,11274.0,20.0,IDR,Indonesian Rupiah,15273.47209807532,6.54729974676e-05,2022-05-01,,
121,11459.0,20.0,IDR,Indonesian Rupiah,15268.546977274244,6.54941168592e-05,2022-05-02,,
122,11644.0,20.0,IDR,Indonesian Rupiah,15233.723665438354,6.5643832195e-05,2022-05-03,,
123,11829.0,20.0,IDR,Indonesian Rupiah,15238.40061446536,6.562368488e-05,2022-05-04,,
124,12014.0,20.0,IDR,Indonesian Rupiah,15211.963848154372,6.57377318262e-05,2022-05-05,,
125,12199.0,20.0,IDR,Indonesian Rupiah,15307.558835863878,6.5327202771e-05,2022-05-06,,
126,12384.0,20.0,IDR,Indonesian Rupiah,15281.56146015402,6.54383390471e-05,2022-05-07,,
127,12569.0,20.0,IDR,Indonesian Rupiah,15296.500718567764,6.53744289885e-05,2022-05-08,,
128,12754.0,20.0,IDR,Indonesian Rupiah,15326.79032167678,6.52452326294e-05,2022-05-09,,
129,12939.0,20.0,IDR,Indonesian Rupiah,15305.144183454162,6.53375092722e-05,2022-05-10,,
130,13124.0,20.0,IDR,Indonesian Rupiah,15287.552599545212,6.54126939867e-05,2022-05-11,,
131,13309.0,20.0,IDR,Indonesian Rupiah,15197.11155655984,6.58019779797e-05,2022-05-12,,
132,13494.0,20.0,IDR,Indonesian Rupiah,15239.15584624249,6.56204326597e-05,2022-05-13,,
133,13679.0,20.0,IDR,Indonesian Rupiah,15219.990061799122,6.57030652411e-05,2022-05-14,,
134,13864.0,20.0,IDR,Indonesian Rupiah,15235.70165396075,6.56353099261e-05,2022-05-15,,
135,14049.0,20.0,IDR,Indonesian Rupiah,15293.13212463838,6.53888289102e-05,2022-05-16,,
136,14234.0,20.0,IDR,Indonesian Rupiah,15432.688837746697,6.47975223574e-05,2022-05-17,,
137,14419.0,20.0,IDR,Indonesian Rupiah,15445.509905028372,6.4743734985e-05,2022-05-18,,
138,14604.0,20.0,IDR,Indonesian Rupiah,15493.86653388592,6.4541668654e-05,2022-05-19,,
139,14789.0,20.0,IDR,Indonesian Rupiah,15493.417318120391,6.45435399736e-05,2022-05-20,,
140,14974.0,20.0,IDR,Indonesian Rupiah,15486.2197672642,6.45735379601e-05,2022-05-21,,
141,15159.0,20.0,IDR,Indonesian Rupiah,15484.228379484644,6.45818426008e-05,2022-05-22,,
142,15344.0,20.0,IDR,Indonesian Rupiah,15607.971605639024,6.40698243991e-05,2022-05-23,,
143,15529.0,20.0,IDR,Indonesian Rupiah,15726.415252731293,6.3587281903e-05,2022-05-24,,
144,15714.0,20.0,IDR,Indonesian Rupiah,15587.020357247577,6.41559436685e-05,2022-05-25,,
145,15899.0,20.0,IDR,Indonesian Rupiah,15665.191613534444,6.38357975229e-05,2022-05-26,,
146,16084.0,20.0,IDR,Indonesian Rupiah,15577.248057169889,6.41961915435e-05,2022-05-27,,
147,16269.0,20.0,IDR,Indonesian Rupiah,15646.675429460118,6.39113404319e-05,2022-05-28,,
148,16454.0,20.0,IDR,Indonesian Rupiah,15638.59620406145,6.39443583651e-05,2022-05-29,,
149,16639.0,20.0,IDR,Indonesian Rupiah,15689.360496131669,6.37374608255e-05,2022-05-30,,
150,16824.0,20.0,IDR,Indonesian Rupiah,15611.79190985802,6.40541461078e-05,2022-05-31,,
151,17009.0,20.0,IDR,Indonesian Rupiah,15501.441918415452,6.45101278489e-05,2022-06-01,,
152,17194.0,20.0,IDR,Indonesian Rupiah,15459.96286871402,6.46832083939e-05,2022-06-02,,
153,17379.0,20.0,IDR,Indonesian Rupiah,15476.149737666145,6.46155547051e-05,2022-06-03,,
154,17564.0,20.0,IDR,Indonesian Rupiah,15475.884961746982,6.46166602085e-05,2022-06-04,,
155,17749.0,20.0,IDR,Indonesian Rupiah,15473.005300944056,6.46286859307e-05,2022-06-05,,
156,17934.0,20.0,IDR,Indonesian Rupiah,15437.405427009857,6.47777247755e-05,2022-06-06,,
157,18119.0,20.0,IDR,Indonesian Rupiah,15469.627887550334,6.46427960174e-05,2022-06-07,,
158,18304.0,20.0,IDR,Indonesian Rupiah,15562.67978280231,6.4256285804e-05,2022-06-08,,
159,18490.0,20.0,IDR,Indonesian Rupiah,15550.082328105109,6.43083411971e-05,2022-06-09,,
160,18676.0,20.0,IDR,Indonesian Rupiah,15390.367841738424,6.49757049528e-05,2022-06-10,,
161,18862.0,20.0,IDR,Indonesian Rupiah,15331.633968014885,6.52246200298e-05,2022-06-11,,
162,19048.0,20.0,IDR,Indonesian Rupiah,15339.56111808964,6.5190913371e-05,2022-06-12,,
163,19234.0,20.0,IDR,Indonesian Rupiah,15378.935762633144,6.5024005265e-05,2022-06-13,,
164,19420.0,20.0,IDR,Indonesian Rupiah,15353.496008014408,6.51317458563e-05,2022-06-14,,
165,19606.0,20.0,IDR,Indonesian Rupiah,15344.1618490686,6.51713667932e-05,2022-06-15,,
166,19792.0,20.0,IDR,Indonesian Rupiah,15624.073941242012,6.40037933614e-05,2022-06-16,,
167,19978.0,20.0,IDR,Indonesian Rupiah,15544.482647296229,6.43315073708e-05,2022-06-17,,
168,20164.0,20.0,IDR,Indonesian Rupiah,15565.167567674309,6.42460157047e-05,2022-06-18,,
169,20350.0,20.0,IDR,Indonesian Rupiah,15536.180343096285,6.43658851735e-05,2022-06-19,,
170,20536.0,20.0,IDR,Indonesian Rupiah,15619.992426424804,6.40205175969e-05,2022-06-20,,
171,20722.0,20.0,IDR,Indonesian Rupiah,15641.03451117342,6.39343899718e-05,2022-06-21,,
172,20908.0,20.0,IDR,Indonesian Rupiah,15700.871598149964,6.36907316736e-05,2022-06-22,,
173,21094.0,20.0,IDR,Indonesian Rupiah,15611.288418986664,6.40562119641e-05,2022-06-23,,
174,21280.0,20.0,IDR,Indonesian Rupiah,15633.314677291504,6.39659611952e-05,2022-06-24,,
175,21466.0,20.0,IDR,Indonesian Rupiah,15671.563036511334,6.38098444724e-05,2022-06-25,,
176,21652.0,20.0,IDR,Indonesian Rupiah,15673.14653290308,6.38033976075e-05,2022-06-26,,
177,21838.0,20.0,IDR,Indonesian Rupiah,15699.136873173236,6.36977693792e-05,2022-06-27,,
178,22024.0,20.0,IDR,Indonesian Rupiah,15644.11599648727,6.39217965543e-05,2022-06-28,,
179,22210.0,20.0,IDR,Indonesian Rupiah,15572.145470837548,6.42172269628e-05,2022-06-29,,
180,22396.0,20.0,IDR,Indonesian Rupiah,15630.014709228548,6.39794663411e-05,2022-06-30,,
181,22582.0,20.0,IDR,Indonesian Rupiah,15604.15928040303,6.4085477598e-05,2022-07-01,,
182,22768.0,20.0,IDR,Indonesian Rupiah,15599.566458425978,6.41043456345e-05,2022-07-02,,
183,22954.0,20.0,IDR,Indonesian Rupiah,15603.413836073183,6.40885392456e-05,2022-07-03,,
184,23140.0,20.0,IDR,Indonesian Rupiah,15638.905567727335,6.39430934389e-05,2022-07-04,,
185,23326.0,20.0,IDR,Indonesian Rupiah,15399.681391721331,6.49364083946e-05,2022-07-05,,
186,23512.0,20.0,IDR,Indonesian Rupiah,15267.286890621152,6.54995224209e-05,2022-07-06,,
187,23698.0,20.0,IDR,Indonesian Rupiah,15204.744978091969,6.57689426189e-05,2022-07-07,,
188,23884.0,20.0,IDR,Indonesian Rupiah,15237.908187914993,6.56258055677e-05,2022-07-08,,
189,24070.0,20.0,IDR,Indonesian Rupiah,15253.679147261177,6.55579542709e-05,2022-07-09,,
190,24256.0,20.0,IDR,Indonesian Rupiah,15266.34642247649,6.55035574541e-05,2022-07-10,,
191,24442.0,20.0,IDR,Indonesian Rupiah,15143.641700973842,6.6034314582e-05,2022-07-11,,
192,24628.0,20.0,IDR,Indonesian Rupiah,15067.372647135182,6.63685715764e-05,2022-07-12,,
193,24814.0,20.0,IDR,Indonesian Rupiah,15136.55123859935,6.6065247244e-05,2022-07-13,,
194,25000.0,20.0,IDR,Indonesian Rupiah,15072.379669721064,6.63465240335e-05,2022-07-14,,
195,25186.0,20.0,IDR,Indonesian Rupiah,15139.288667558649,6.60533015757e-05,2022-07-15,,
196,25372.0,20.0,IDR,Indonesian Rupiah,15129.59432385562,6.60956254737e-05,2022-07-16,,
197,25558.0,20.0,IDR,Indonesian Rupiah,15130.754124102556,6.6090559122e-05,2022-07-17,,
198,25744.0,20.0,IDR,Indonesian Rupiah,15210.703903441916,6.57431770645e-05,2022-07-18,,
199,25930.0,20.0,IDR,Indonesian Rupiah,15309.778144821808,6.53177329247e-05,2022-07-19,,
200,26116.0,20.0,IDR,Indonesian Rupiah,15296.366664226784,6.53750019171e-05,2022-07-20,,
201,26302.0,20.0,IDR,Indonesian Rupiah,15336.71345987853,6.52030177531e-05,2022-07-21,,
202,26488.0,20.0,IDR,Indonesian Rupiah,15316.86167167976,6.52875256978e-05,2022-07-22,,
203,26674.0,20.0,IDR,Indonesian Rupiah,15345.264745262984,6.5166682791e-05,2022-07-23,,
204,26860.0,20.0,IDR,Indonesian Rupiah,15321.274586425629,6.52687212385e-05,2022-07-24,,
205,27046.0,20.0,IDR,Indonesian Rupiah,15268.868862509738,6.54927361682e-05,2022-07-25,,
206,27232.0,20.0,IDR,Indonesian Rupiah,15164.67557613519,6.59427229405e-05,2022-07-26,,
207,27418.0,20.0,IDR,Indonesian Rupiah,15141.04633236589,6.60456337064e-05,2022-07-27,,
208,27604.0,20.0,IDR,Indonesian Rupiah,15144.503891447062,6.6030555188e-05,2022-07-28,,
209,27790.0,20.0,IDR,Indonesian Rupiah,15159.232544087316,6.59664001519e-05,2022-07-29,,
210,27976.0,20.0,IDR,Indonesian Rupiah,15286.963138022624,6.5415216284e-05,2022-07-30,,
211,28162.0,20.0,IDR,Indonesian Rupiah,15286.355971002658,6.54178145463e-05,2022-07-31,,
212,28348.0,20.0,IDR,Indonesian Rupiah,15242.363792335907,6.5606622019e-05,2022-08-01,,
213,28534.0,20.0,IDR,Indonesian Rupiah,15147.255437798458,6.6018560531e-05,2022-08-02,,
214,28720.0,20.0,IDR,Indonesian Rupiah,15082.914530143373,6.63001834295e-05,2022-08-03,,
215,28906.0,20.0,IDR,Indonesian Rupiah,15224.810870013098,6.56822609185e-05,2022-08-04,,
216,29092.0,20.0,IDR,Indonesian Rupiah,15202.002427768724,6.57808078081e-05,2022-08-05,,
217,29278.0,20.0,IDR,Indonesian Rupiah,15175.822166960172,6.58942882302e-05,2022-08-06,,
218,29464.0,20.0,IDR,Indonesian Rupiah,15178.308456764264,6.58834943859e-05,2022-08-07,,
219,29650.0,20.0,IDR,Indonesian Rupiah,15162.646575580064,6.59515471138e-05,2022-08-08,,
220,29836.0,20.0,IDR,Indonesian Rupiah,15209.630347597717,6.57478174778e-05,2022-08-09,,
221,30022.0,20.0,IDR,Indonesian Rupiah,15268.164158352274,6.54957589942e-05,2022-08-10,,
222,30208.0,20.0,IDR,Indonesian Rupiah,15198.145362426723,6.57975020078e-05,2022-08-11,,
223,30394.0,20.0,IDR,Indonesian Rupiah,15035.726664161964,6.65082587849e-05,2022-08-12,,
224,30580.0,20.0,IDR,Indonesian Rupiah,15067.11210598806,6.63697192246e-05,2022-08-13,,
225,30766.0,20.0,IDR,Indonesian Rupiah,15061.33153140263,6.63951920794e-05,2022-08-14,,
226,30952.0,20.0,IDR,Indonesian Rupiah,15018.608678037275,6.65840639061e-05,2022-08-15,,
227,31138.0,20.0,IDR,Indonesian Rupiah,15013.598309911706,6.66062844734e-05,2022-08-16,,
228,31324.0,20.0,IDR,Indonesian Rupiah,15021.06468140503,6.65731771488e-05,2022-08-17,,
229,31510.0,20.0,IDR,Indonesian Rupiah,14993.276660960582,6.6696561573e-05,2022-08-18,,
230,31696.0,20.0,IDR,Indonesian Rupiah,14961.123079777426,6.68399019691e-05,2022-08-19,,
231,31882.0,20.0,IDR,Indonesian Rupiah,14918.40608295276,6.70312896994e-05,2022-08-20,,
232,32068.0,20.0,IDR,Indonesian Rupiah,14929.124821456173,6.69831629087e-05,2022-08-21,,
233,32254.0,20.0,IDR,Indonesian Rupiah,14823.129564164075,6.74621371736e-05,2022-08-22,,
234,32440.0,20.0,IDR,Indonesian Rupiah,14816.681196784808,6.74914973683e-05,2022-08-23,,
235,32626.0,20.0,IDR,Indonesian Rupiah,14784.039168890447,6.76405134331e-05,2022-08-24,,
236,32812.0,20.0,IDR,Indonesian Rupiah,14729.102396235705,6.78927997849e-05,2022-08-25,,
237,32998.0,20.0,IDR,Indonesian Rupiah,14824.028515134882,6.745804617e-05,2022-08-26,,
238,33184.0,20.0,IDR,Indonesian Rupiah,14771.890874234432,6.7696140495e-05,2022-08-27,,
239,33370.0,20.0,IDR,Indonesian Rupiah,14780.7134328531,6.76557328942e-05,2022-08-28,,
240,33556.0,20.0,IDR,Indonesian Rupiah,14876.376181989575,6.72206717393e-05,2022-08-29,,
241,33742.0,20.0,IDR,Indonesian Rupiah,14880.01340142712,6.72042405488e-05,2022-08-30,,
242,33928.0,20.0,IDR,Indonesian Rupiah,14943.944751418036,6.69167356166e-05,2022-08-31,,
243,34114.0,20.0,IDR,Indonesian Rupiah,14822.758561667204,6.74638257001e-05,2022-09-01,,
244,34300.0,20.0,IDR,Indonesian Rupiah,14913.05430151129,6.705534492e-05,2022-09-02,,
245,34486.0,20.0,IDR,Indonesian Rupiah,14829.354434455649,6.74338188098e-05,2022-09-03,,
246,34672.0,20.0,IDR,Indonesian Rupiah,14830.94188123278,6.74266009541e-05,2022-09-04,,
247,34858.0,20.0,IDR,Indonesian Rupiah,14776.251323911243,6.76761634652e-05,2022-09-05,,
248,35044.0,20.0,IDR,Indonesian Rupiah,14762.204880331965,6.77405582774e-05,2022-09-06,,
249,35230.0,20.0,IDR,Indonesian Rupiah,14835.04137094248,6.74079684036e-05,2022-09-07,,
250,35416.0,20.0,IDR,Indonesian Rupiah,14836.66304430393,6.74006005942e-05,2022-09-08,,
251,35602.0,20.0,IDR,Indonesian Rupiah,14895.99662009163,6.71321312366e-05,2022-09-09,,
252,35788.0,20.0,IDR,Indonesian Rupiah,14991.100295901831,6.67062443891e-05,2022-09-10,,
253,35974.0,20.0,IDR,Indonesian Rupiah,14972.870746202085,6.67874595961e-05,2022-09-11,,
254,36160.0,20.0,IDR,Indonesian Rupiah,15039.571000751066,6.64912582912e-05,2022-09-12,,
255,36346.0,20.0,IDR,Indonesian Rupiah,14943.826334895462,6.69172658721e-05,2022-09-13,,
256,36532.0,20.0,IDR,Indonesian Rupiah,14889.27515337884,6.71624367001e-05,2022-09-14,,
257,20.0,20.0,IDR,Indonesian Rupiah,14921.229957263427,6.70186038861e-05,2022-09-15,,
258,206.0,20.0,IDR,Indonesian Rupiah,15001.862237320673,6.66583910837e-05,2022-09-16,,
259,392.0,20.0,IDR,Indonesian Rupiah,14979.408900811635,6.67583084634e-05,2022-09-17,,
260,578.0,20.0,IDR,Indonesian Rupiah,14980.111981032844,6.67551752127e-05,2022-09-18,,
261,764.0,20.0,IDR,Indonesian Rupiah,14998.121759360709,6.66750154482e-05,2022-09-19,,
262,950.0,20.0,IDR,Indonesian Rupiah,15008.03232525439,6.66309865496e-05,2022-09-20,,
263,1136.0,20.0,IDR,Indonesian Rupiah,14849.43941957849,6.73426094914e-05,2022-09-21,,
264,1322.0,20.0,IDR,Indonesian Rupiah,14787.459677750918,6.76248674073e-05,2022-09-22,,
265,1508.0,20.0,IDR,Indonesian Rupiah,14667.176203928717,6.81794495474e-05,2022-09-23,,
266,1694.0,20.0,IDR,Indonesian Rupiah,14575.150546368142,6.86099259708e-05,2022-09-24,,
267,1880.0,20.0,IDR,Indonesian Rupiah,14610.240720420035,6.84451419477e-05,2022-09-25,,
268,2066.0,20.0,IDR,Indonesian Rupiah,14580.488354236477,6.85848083894e-05,2022-09-26,,
269,2252.0,20.0,IDR,Indonesian Rupiah,14593.902213258116,6.85217692558e-05,2022-09-27,,
270,2438.0,20.0,IDR,Indonesian Rupiah,14724.155847126149,6.79156082279e-05,2022-09-28,,
271,2624.0,20.0,IDR,Indonesian Rupiah,14841.84518695339,6.7377067164e-05,2022-09-29,,
272,2810.0,20.0,IDR,Indonesian Rupiah,14953.475024273826,6.6874087687e-05,2022-09-30,,
273,20.0,20.0,IDR,Indonesian Rupiah,14950.993050932337,6.68851892709e-05,2022-10-01,,
274,206.0,20.0,IDR,Indonesian Rupiah,14946.971481550225,6.6903185119e-05,2022-10-02,,
275,391.0,20.0,IDR,Indonesian Rupiah,14981.577059169957,6.67486470917e-05,2022-10-03,,
276,577.0,20.0,IDR,Indonesian Rupiah,15155.423869621334,6.59829780151e-05,2022-10-04,,
277,763.0,20.0,IDR,Indonesian Rupiah,15015.803074805806,6.65965046969e-05,2022-10-05,,
278,949.0,20.0,IDR,Indonesian Rupiah,14933.328641078528,6.69643067553e-05,2022-10-06,,
279,1135.0,20.0,IDR,Indonesian Rupiah,14948.370777239976,6.68969224072e-05,2022-10-07,,
280,1321.0,20.0,IDR,Indonesian Rupiah,14843.828094013175,6.73680666244e-05,2022-10-08,,
281,1507.0,20.0,IDR,Indonesian Rupiah,14810.0567160221,6.75216860525e-05,2022-10-09,,
282,1693.0,20.0,IDR,Indonesian Rupiah,14855.483307304505,6.73152114484e-05,2022-10-10,,
283,1879.0,20.0,IDR,Indonesian Rupiah,14963.972530349714,6.68271742661e-05,2022-10-11,,
284,2065.0,20.0,IDR,Indonesian Rupiah,14868.56686222097,6.72559776114e-05,2022-10-12,,
285,2251.0,20.0,IDR,Indonesian Rupiah,15022.94963815308,6.65648240915e-05,2022-10-13,,
286,2437.0,20.0,IDR,Indonesian Rupiah,15054.14801896496,6.64268744229e-05,2022-10-14,,
287,2623.0,20.0,IDR,Indonesian Rupiah,14985.618410631469,6.67306461834e-05,2022-10-15,,
288,2809.0,20.0,IDR,Indonesian Rupiah,14980.98098650542,6.67513029287e-05,2022-10-16,,
289,2995.0,20.0,IDR,Indonesian Rupiah,15190.53905032433,6.58304485895e-05,2022-10-17,,
290,3181.0,20.0,IDR,Indonesian Rupiah,15226.203943882394,6.56762515256e-05,2022-10-18,,
291,3367.0,20.0,IDR,Indonesian Rupiah,15200.199933341562,6.57886083331e-05,2022-10-19,,
292,3553.0,20.0,IDR,Indonesian Rupiah,15253.88760603426,6.55570583596e-05,2022-10-20,,
293,3739.0,20.0,IDR,Indonesian Rupiah,15324.77895854092,6.52537960061e-05,2022-10-21,,
294,3925.0,20.0,IDR,Indonesian Rupiah,15397.501776622974,6.49456005595e-05,2022-10-22,,
295,4111.0,20.0,IDR,Indonesian Rupiah,15363.564685635029,6.5089061065e-05,2022-10-23,,
296,4297.0,20.0,IDR,Indonesian Rupiah,15402.02733874354,6.49265176594e-05,2022-10-24,,
297,4483.0,20.0,IDR,Indonesian Rupiah,15496.903963520914,6.45290183351e-05,2022-10-25,,
298,4669.0,20.0,IDR,Indonesian Rupiah,15612.724361869914,6.40503205476e-05,2022-10-26,,
299,4855.0,20.0,IDR,Indonesian Rupiah,15537.56686395745,6.43601413757e-05,2022-10-27,,
300,5041.0,20.0,IDR,Indonesian Rupiah,15460.852377385154,6.46794869772e-05,2022-10-28,,
301,5227.0,20.0,IDR,Indonesian Rupiah,15496.944480268028,6.4528849624e-05,2022-10-29,,
302,5413.0,20.0,IDR,Indonesian Rupiah,15476.570497421537,6.46137980094e-05,2022-10-30,,
303,5599.0,20.0,IDR,Indonesian Rupiah,15451.538636016609,6.47184739045e-05,2022-10-31,,
304,20.0,20.0,IDR,Indonesian Rupiah,15455.375021317595,6.47024092667e-05,2022-11-01,,
305,206.0,20.0,IDR,Indonesian Rupiah,15440.564879387131,6.47644699407e-05,2022-11-02,,
306,392.0,20.0,IDR,Indonesian Rupiah,15378.009839174125,6.50279204174e-05,2022-11-03,,
307,578.0,20.0,IDR,Indonesian Rupiah,15482.36980139091,6.45895953157e-05,2022-11-04,,
308,764.0,20.0,IDR,Indonesian Rupiah,15677.766960678136,6.37845939736e-05,2022-11-05,,
309,950.0,20.0,IDR,Indonesian Rupiah,15664.334993924644,6.38392884465e-05,2022-11-06,,
310,1136.0,20.0,IDR,Indonesian Rupiah,15671.329114683856,6.38107969452e-05,2022-11-07,,
311,1322.0,20.0,IDR,Indonesian Rupiah,15752.251654962389,6.34829878232e-05,2022-11-08,,
312,1508.0,20.0,IDR,Indonesian Rupiah,15714.02770737597,6.36374084748e-05,2022-11-09,,
313,1694.0,20.0,IDR,Indonesian Rupiah,15841.846061388478,6.31239563952e-05,2022-11-10,,
314,1880.0,20.0,IDR,Indonesian Rupiah,16009.091977406211,6.24645046334e-05,2022-11-11,,
315,2066.0,20.0,IDR,Indonesian Rupiah,16066.36930294092,6.22418158791e-05,2022-11-12,,
316,2252.0,20.0,IDR,Indonesian Rupiah,16037.21555319828,6.23549640947e-05,2022-11-13,,
317,2438.0,20.0,IDR,Indonesian Rupiah,16075.998645845217,6.22045337294e-05,2022-11-14,,
318,2624.0,20.0,IDR,Indonesian Rupiah,16111.955407928504,6.20657129865e-05,2022-11-15,,
319,2810.0,20.0,IDR,Indonesian Rupiah,16233.734235512688,6.16001214195e-05,2022-11-16,,
320,2996.0,20.0,IDR,Indonesian Rupiah,16252.450004614157,6.15291848131e-05,2022-11-17,,
321,3182.0,20.0,IDR,Indonesian Rupiah,16201.545046560364,6.17225083858e-05,2022-11-18,,
322,3368.0,20.0,IDR,Indonesian Rupiah,16200.568443305558,6.17262291443e-05,2022-11-19,,
323,3554.0,20.0,IDR,Indonesian Rupiah,16173.139541427769,6.1830913994e-05,2022-11-20,,
324,3740.0,20.0,IDR,Indonesian Rupiah,16095.675723207432,6.21284882471e-05,2022-11-21,,
325,3926.0,20.0,IDR,Indonesian Rupiah,16093.6116799234,6.21364563709e-05,2022-11-22,,
326,4112.0,20.0,IDR,Indonesian Rupiah,16205.16158459431,6.17087336512e-05,2022-11-23,,
327,4298.0,20.0,IDR,Indonesian Rupiah,16289.46611560634,6.13893661647e-05,2022-11-24,,
328,4484.0,20.0,IDR,Indonesian Rupiah,16330.64351019635,6.12345740922e-05,2022-11-25,,
329,4670.0,20.0,IDR,Indonesian Rupiah,16322.01721308801,6.12669369811e-05,2022-11-26,,
330,4856.0,20.0,IDR,Indonesian Rupiah,16290.927817081234,6.13838580115e-05,2022-11-27,,
331,5042.0,20.0,IDR,Indonesian Rupiah,16345.565783803931,6.11786715263e-05,2022-11-28,,
332,5228.0,20.0,IDR,Indonesian Rupiah,16283.788240585716,6.14107715738e-05,2022-11-29,,
333,5414.0,20.0,IDR,Indonesian Rupiah,16203.000833710068,6.17169628183e-05,2022-11-30,,
334,,,IDR,Indonesian Rupiah,16203.000833710068,6.17169628183e-05,2022-11-30,,
335,,,IDR,Indonesian Rupiah,16169.349546831738,6.18454067743e-05,2022-12-01,,
336,,,IDR,Indonesian Rupiah,16168.44484259819,6.18488673298e-05,2022-12-02,,
337,,,IDR,Indonesian Rupiah,16271.791183558857,6.14560492277e-05,2022-12-03,,
338,,,IDR,Indonesian Rupiah,16389.919354043963,6.10131129018e-05,2022-12-04,,
339,,,IDR,Indonesian Rupiah,16238.514326219763,6.15819883463e-05,2022-12-05,,
340,,,IDR,Indonesian Rupiah,16409.472160801473,6.09404123545e-05,2022-12-06,,
341,,,IDR,Indonesian Rupiah,16431.80453186347,6.08575885905e-05,2022-12-07,,
342,,,IDR,Indonesian Rupiah,16451.40093171585,6.07850969136e-05,2022-12-08,,
343,,,IDR,Indonesian Rupiah,16440.499796200354,6.08254014413e-05,2022-12-09,,
344,,,IDR,Indonesian Rupiah,16439.649121164442,6.08285488716e-05,2022-12-10,,
